Type,Value,MAPSTO
CLASS,ACTIVE YOFA,ACTIVE YOGA
CLASS,ACTIVE YOGA,ACTIVE YOGA
CLASS,AQUA CIRCUIT,AQUA CIRCUIT
CLASS,AQUA IN MOTION,AQUA IN MOTION
CLASS,AQUA ZUMBA®,AQUA ZUMBA®
CLASS,AQUAFIT,AQUAFIT
CLASS,BARRE,BARRE
CLASS,BODY BALANACE,BODYBALANCE™
CLASS,BODYBALANCE,BODYBALANCE™
CLASS,BODYBALANCE™,BODYBALANCE™
CLASS,BODYCOMBAT™,BODYCOMBAT™
CLASS,BODYPUMP™,BODYPUMP™
CLASS,BOOTCAMP,BOOTCAMP
CLASS,BOYBALANCE™,BODYBALANCE™
CLASS,CARDIO DANCE,CARDIO DANCE
CLASS,FEELING FIT,FEELING FIT
CLASS,GENTLE YOGA,GENTLE YOGA
CLASS,GRIT - ATHLETIC™,GRIT - ATHLETIC™
CLASS,GRIT - CARDIO™,GRIT - CARDIO™
CLASS,GRIT - STRENGTH™,GRIT - STRENGTH™
CLASS,GRIT-CARDIO™,GRIT - CARDIO™
CLASS,GROUP CYCLE,GROUP CYCLE
CLASS,HIGH FITNESS®,HIGH FITNESS®
CLASS,LES MILLS CORE™,LES MILLS CORE™
CLASS,PILATES,PILATES
CLASS,POWER YOGA,POWER YOGA
CLASS,RIDE STRONG,RIDE STRONG
CLASS,SILVER CYCLE,SILVER CYCLE
CLASS,SILVERSNEAKERS  CIRCUIT,SILVERSNEAKERS® CIRCUIT
CLASS,SILVERSNEAKERS ® CIRCUIT,SILVERSNEAKERS® CIRCUIT
CLASS,SILVERSNEAKERS ® CLASSIC,SILVERSNEAKERS® CLASSIC
CLASS,SILVERSNEAKERS CLASSIS,SILVERSNEAKERS® CLASSIC
CLASS,SILVERSNEAKERS YOGA,SILVERSNEAKERS® YOGA
CLASS,STEP-CARDIO,STEP-CARDIO
CLASS,STEP-INTERVAL,STEP-INTERVAL
CLASS,TAI CHI,TAI CHI
CLASS,TOTAL BODY STRONG,TOTAL BODY STRONG
CLASS,TRX BODY BLAST®,TRX BODY BLAST®
CLASS,UPBEAT BARRE,UPBEAT BARRE™
CLASS,UPBEAT BARRE™,UPBEAT BARRE™
CLASS,UPBEAT LIFT™,UPBEAT LIFT™
CLASS,UPBEAT PILATES,UPBEAT PILATES™
CLASS,UPBEAT PILATES™,UPBEAT PILATES™
CLASS,WERQ™,WERQ™
CLASS,ZUMBA GOLD,ZUMBA® GOLD
CLASS,ZUMBA®,ZUMBA®
CLASS,AQUA FIT,AQUAFIT
CLASS,Les Mills RPM™,LES MILLS RPM™
CLASS,PARKINSONS OPTIMAL WELLNESS,PARKINSONS OPTIMAL WELLNESS
CLASS,SILVERSNEAKERS ® YOGA,SILVERSNEAKERS® YOGA
INSTRUCTOR,ADRIANA,ADRIANA
INSTRUCTOR,ALISA,ALISA
INSTRUCTOR,ANDREA K,ANDREA K
INSTRUCTOR,ANNA B,ANNA B
INSTRUCTOR,ANTHONY,ANTHONY
INSTRUCTOR,BARB D,BARB D
INSTRUCTOR,BINH,BINH
INSTRUCTOR,BRENDA,BRENDA
INSTRUCTOR,BRIT C,BRIT C
INSTRUCTOR,CAROL,CAROL
INSTRUCTOR,CHAR,CHAR
INSTRUCTOR,DANIELLE,DANIELLE
INSTRUCTOR,DANIELLE B,DANIELLE B
INSTRUCTOR,DEB F,DEB F
INSTRUCTOR,ERIN,ERIN
INSTRUCTOR,EVA,EVA
INSTRUCTOR,FRIEDA,FRIEDA
INSTRUCTOR,GIL,GIL
INSTRUCTOR,GIL G,GIL G
INSTRUCTOR,HEATHER R,HEATHER R
INSTRUCTOR,JACKIE P,JACKIE P
INSTRUCTOR,JADA,JADA
INSTRUCTOR,JADA B,JADA B
INSTRUCTOR,JENN W,JENN W
INSTRUCTOR,JESS,JESS
INSTRUCTOR,JESS G,JESS G
INSTRUCTOR,JOAN,JOAN
INSTRUCTOR,JOEL S,JOEL S
INSTRUCTOR,JULES B,JULES B
INSTRUCTOR,JULIE,JULIE
INSTRUCTOR,KARIN,KARIN
INSTRUCTOR,KATHY F,KATHY F
INSTRUCTOR,KELLY,KELLY
INSTRUCTOR,KELLY N,KELLY N
INSTRUCTOR,KIM K,KIM K
INSTRUCTOR,KIM L,KIM L
INSTRUCTOR,KIM S,KIM S
INSTRUCTOR,KRIST,KRISTA
INSTRUCTOR,KRISTA,KRISTA
INSTRUCTOR,KRISTY H,KRISTY H
INSTRUCTOR,LAURA,LAURA
INSTRUCTOR,LAURIE,LAURIE
INSTRUCTOR,LISA B,LISA B
INSTRUCTOR,LISA BA,LISA BA
INSTRUCTOR,MARI,MARI
INSTRUCTOR,MARIBEL,MARIBEL
INSTRUCTOR,MEGAN,MEGAN
INSTRUCTOR,MEGHAN,MEGHAN
INSTRUCTOR,MELANIE,MELANIE
INSTRUCTOR,MEREDITH,MEREDITH
INSTRUCTOR,MIKEY,MIKEY
INSTRUCTOR,MINDY,MINDY
INSTRUCTOR,NANETTE,NANETTE
INSTRUCTOR,OLGA,OLGA
INSTRUCTOR,PIERCE,PIERCE
INSTRUCTOR,ROBERT,ROBERT
INSTRUCTOR,Ron,RON
INSTRUCTOR,RON,RON
INSTRUCTOR,SAM,SAM
INSTRUCTOR,SAM R,SAM R
INSTRUCTOR,SANDY P,SANDY P
INSTRUCTOR,SARA,SARA
INSTRUCTOR,SHELLEY,SHELLEY
INSTRUCTOR,SUNNY,SUNNY
INSTRUCTOR,SUSAN,SUSAN
INSTRUCTOR,SUZANNE,SUZANNE
INSTRUCTOR,TAYLOR,TAYLOR
INSTRUCTOR,TESS,TESS
INSTRUCTOR,Tia,TIA
INSTRUCTOR,TIA,TIA
INSTRUCTOR,VANESSA,VANESSA
INSTRUCTOR,WENDI,WENDI
INSTRUCTOR,CHRISTOPHER,CHRISTOPHER
INSTRUCTOR,CLAIRE,CLAIRE
INSTRUCTOR,HEATHER C,HEATHER C
INSTRUCTOR,JACKIE,JACKIE
INSTRUCTOR,JAYME,JAYME
INSTRUCTOR,LAUREN,LAUREN
INSTRUCTOR,PATTY,PATTY
INSTRUCTOR,SHALOM,SHALOM
INSTRUCTOR,STEVE,STEVE
LOCATION,C,C
LOCATION,EP,EP
LOCATION,FG,FG
LOCATION,MB,MB
LOCATION,s,S
LOCATION,S,S
LOCATION,SPC,SPC
