Day,Start Time,End Time,Class Name,Location,Instructor 1,Instructor 2,Date 1,Attendance 1,Date 2,Attendance 2,Date 3,Attendance 3,Date 4,Attendance 4,Date 5,Attendance 5
SATURDAY,7:15 am,7:45 am,GRIT - CARDIO™,SPC,MIKEY,,5/3,13,5/10,11,5/17,8,5/24,7,5/31,13
SATURDAY,8:00 am,9:00 am,BODYPUMP™,S,JENN W,,5/3,27,5/10,23,5/17,24,5/24,23,5/31,35
SATURDAY,8:45 am,9:45 am,BODYBALANCE™,MB,BRENDA,,5/3,28,5/10,31,5/17,30,5/24,35,5/31,30
SATURDAY,9:15 am,10:00 am,STEP-CARDIO,S,FRIEDA,,5/3,17,5/10,16,5/17,15,5/24,18,5/31,20
SATURDAY,9:00 am,10:00 am,GROUP CYCLE,C,MEGHAN,,5/3,35,5/10,15,5/17,31,5/24,32,5/31,28
SATURDAY,10:00 am,11:00 am,BODYCOMBAT™,MB,DANIELLE,,5/3,30,5/10,21,5/17,20,5/24,37,5/31,38
SATURDAY,10:15 am,11:15 am,ZUMBA®,S,NANETTE,,5/3,20,5/10,20,5/17,20,5/24,20,5/31,20
SATURDAY,11:15 am,12:15 pm,ACTIVE YOGA,MB,JULIE,,5/3,32,5/10,9,5/17,16,5/24,23,5/31,26
SATURDAY,11:30 am,12:30 pm,TAI CHI,S,BINH,,5/3,10,5/10,13,5/17,15,5/24,18,5/31,15
SUNDAY,8:15 am,9:15 am,GROUP CYCLE,C,ERIN,,5/4,25,5/11,30,5/18,32,5/25,32,,
SUNDAY,8:30 am,9:15 am,UPBEAT BARRE™,S,GIL,,5/4,30,5/11,22,5/18,25,5/25,30,,
SUNDAY,9:15 am,10:15 am,POWER YOGA,MB,EVA,,5/4,28,5/11,28,5/18,24,5/25,25,,
SUNDAY,9:30 am,10:30 am,BODYPUMP™,S,JENN W,ROBERT,5/4,36,5/11,26,5/18,35,5/25,38,,
SUNDAY,10:30 am,11:30 am,ACTIVE YOGA,MB,EVA,,5/4,36,5/11,36,5/18,34,5/25,38,,
SUNDAY,10:30 am,11:15 am,LES MILLS RPM™,C,ROBERT,JAYME,5/4,15,5/11,8,5/18,13,5/25,10,,
SUNDAY,10:45 am,11:15 am,LES MILLS CORE™,S,JENN W,,5/4,13,5/11,7,5/18,13,5/25,8,,
SUNDAY,11:30 am,12:30 pm,ZUMBA®,S,MARI,SHELLEY,5/4,29,5/11,13,5/18,25,5/25,25,,
SUNDAY,11:45 am,12:45 pm,BODYCOMBAT™,MB,VANESSA,KRISTA,5/4,10,5/11,7,5/18,8,5/25,8,,
MONDAY,5:15 am,6:00 am,BODYCOMBAT™,S,KATHY F,,5/5,7,5/12,7,5/19,6,5/26,,,
MONDAY,5:30 am,6:00 am,GRIT - STRENGTH™,SPC,DANIELLE B,,5/5,35,5/12,25,5/19,21,5/26,15,,
MONDAY,7:15 am,7:45 am,GRIT - STRENGTH™,SPC,MELANIE,,5/5,10,5/12,10,5/19,6,5/26,,,
MONDAY,8:00 am,8:45 am,UPBEAT PILATES™,MB,GIL,,5/5,7,5/12,14,5/19,8,5/26,,,
MONDAY,8:15 am,9:00 am,TOTAL BODY STRONG,S,CAROL,,5/5,30,5/12,41,5/19,36,5/26,,,
MONDAY,9:00 am,10:00 am,ACTIVE YOGA,MB,SUSAN,,5/5,32,5/12,35,5/19,22,5/26,15,,
MONDAY,9:15 am,10:00 am,CARDIO DANCE,S,CAROL,,5/5,45,5/12,56,5/19,57,5/26,,,
MONDAY,9:15 am,10:15 am,GROUP CYCLE,C,LISA BA,,5/5,60,5/12,60,5/19,60,5/26,15,,
MONDAY,9:30 am,10:15 am,AQUA FIT,EP,RON,,5/5,65,5/12,46,5/19,64,5/26,,,
MONDAY,10:15 am,11:00 am,AQUA IN MOTION,EP,SAM,,5/5,15,5/12,16,5/19,15,5/26,,,
MONDAY,10:15 am,11:00 am,UPBEAT BARRE™,S,TIA,,5/5,28,5/12,28,5/19,32,5/26,30,,
MONDAY,10:15 am,11:15 am,BODYBALANCE™,MB,DANIELLE,,5/5,30,5/12,21,5/19,20,5/26,,,
MONDAY,10:30 am,11:15 am,SILVERSNEAKERS YOGA,FG,TESS,,5/5,80,5/12,80,5/19,65,5/26,,,
MONDAY,11:30 am,12:15 pm,SILVERSNEAKERS® CIRCUIT,FG,TESS,,5/5,70,5/12,70,5/19,70,5/26,,,
MONDAY,4:15 pm,5:15 pm,UPBEAT PILATES™,MB,TIA,,5/5,20,5/12,15,5/19,28,5/26,,,
MONDAY,4:30 pm,5:30 pm,BODYCOMBAT™,S,SUZANNE,,5/5,16,5/12,6,5/19,5,5/26,15,,
MONDAY,5:45 pm,6:15 pm,LES MILLS CORE™,S,SUZANNE,,5/5,25,5/12,5,5/19,15,5/26,,,
MONDAY,5:30 pm,6:30 pm,ACTIVE YOGA,MB,KIM S,,5/5,25,5/12,16,5/19,23,5/26,,,
MONDAY,6:00 pm,7:00 pm,GROUP CYCLE,C,MEREDITH,,5/5,18,5/12,17,5/19,18,5/26,,,
MONDAY,6:30 pm,7:30 pm,BODYPUMP™,S,JENN W,,5/5,36,5/12,24,5/19,27,5/26,35,,
MONDAY,6:45 pm,7:30 pm,WERQ™,MB,WENDI,,5/5,25,5/12,25,5/19,32,5/26,35,,
TUESDAY,5:15 am,6:15 am,BODYPUMP™,S,MELANIE,,5/6,25,5/13,23,5/20,20,5/27,17,,
TUESDAY,5:30 am,6:00 am,GRIT-CARDIO™,SPC,MIKEY,,5/6,7,5/13,9,5/20,9,5/27,10,,
TUESDAY,5:45 am,6:45 am,GROUP CYCLE,C,KARIN,,5/6,6,5/13,4,5/20,9,5/27,4,,
TUESDAY,8:35 am,9:20 am,AQUA FIT,EP,CHAR,,5/6,20,5/13,28,5/20,29,5/27,29,,
TUESDAY,9:00 am,9:45 am,UPBEAT BARRE™,S,SARA,,5/6,27,5/13,32,5/20,30,5/27,30,,
TUESDAY,9:15 am,10:00 am,LES MILLS RPM™,C,ADRIANA,,5/6,10,5/13,15,5/20,15,5/27,15,,
TUESDAY,9:30 am,10:15 am,AQUA ZUMBA®,EP,ALISA,,5/6,26,5/13,28,5/20,30,5/27,20,,
TUESDAY,9:30 am,10:15 am,PILATES,MB,LAURIE,,5/6,35,5/13,35,5/20,42,5/27,42,,
TUESDAY,10:00 am,11:00 am,BODYCOMBAT™,S,DANIELLE,,5/6,25,5/13,30,5/20,27,5/27,21,,
TUESDAY,10:30 am,11:15 am,FEELING FIT,FG,MARIBEL,,5/6,55,5/13,60,5/20,55,5/27,55,,
TUESDAY,11:00 am,12:00 pm,GENTLE YOGA,MB,SUSAN,,5/6,40,5/13,40,5/20,45,5/27,45,,
TUESDAY,11:30 am,12:15 pm,SILVERSNEAKERS YOGA,FG,JESS,,5/6,60,5/13,50,5/20,50,5/27,50,,
TUESDAY,4:15 pm,5:15 pm,ACTIVE YOGA,MB,MEGAN,,5/6,18,5/13,15,5/20,15,5/27,15,,
TUESDAY,5:00 pm,5:45 pm,BODYCOMBAT™,S,KELLY,,5/6,18,5/13,15,5/20,15,5/27,15,,
TUESDAY,5:30 pm,6:15 pm,LES MILLS RPM™,C,JAYME,,5/6,20,5/13,15,5/20,9,5/27,7,,
TUESDAY,5:30 pm,6:30 pm,GENTLE YOGA,MB,SANDY P,,5/6,20,5/13,15,5/20,12,5/27,15,,
TUESDAY,5:50 pm,6:20 pm,BODYBALANCE™,S,DANIELLE,,5/6,8,5/13,11,5/20,8,5/27,10,,
TUESDAY,6:30 pm,7:30 pm,BODYPUMP™,S,TAYLOR,,5/6,21,5/13,17,5/20,18,5/27,10,,
TUESDAY,6:45 pm,7:45 pm,ZUMBA®,MB,NANETTE,,5/6,18,5/13,18,5/20,8,5/27,15,,
WEDNESDAY,5:30 am,6:00 am,GRIT - ATHLETIC™,SPC,MIKEY,,5/7,13,5/14,18,5/21,14,5/28,18,,
WEDNESDAY,5:45 am,6:45 am,ACTIVE YOGA,MB,JOAN,,5/7,11,5/14,14,5/21,15,5/28,11,,
WEDNESDAY,8:00 am,8:45 am,HIGH FITNESS®,MB,GIL G,,5/7,20,5/14,17,5/21,15,5/28,18,,
WEDNESDAY,8:15 am,9:00 am,TRX BODY BLAST®,S,CAROL,,5/7,20,5/14,18,5/21,17,5/28,15,,
WEDNESDAY,9:00 am,10:00 am,ACTIVE YOGA,MB,JOAN,,5/7,25,5/14,29,5/21,27,5/28,29,,
WEDNESDAY,9:15 am,10:00 am,STEP-INTERVAL,S,CAROL,,5/7,25,5/14,24,5/21,22,5/28,19,,
WEDNESDAY,9:15 am,10:15 am,GROUP CYCLE,C,MINDY,,5/7,33,5/14,29,5/21,35,5/28,31,,
WEDNESDAY,9:30 am,10:15 am,AQUA FIT,EP,RON,,5/7,61,5/14,24,5/21,52,5/28,47,,
WEDNESDAY,10:15 am,11:00 am,AQUA IN MOTION,EP,SAM,,5/7,18,5/14,29,5/21,12,5/28,10,,
WEDNESDAY,10:15 am,11:15 am,PILATES,MB,BARB D,,5/7,34,5/14,25,5/21,15,5/28,,,
WEDNESDAY,10:15 am,11:15 am,BODYPUMP™,S,ROBERT,,5/7,30,5/14,28,5/21,40,5/28,30,,
WEDNESDAY,10:30 am,11:15 am,SILVERSNEAKERS YOGA,FG,TESS,JESS,5/7,80,5/14,80,5/21,70,5/28,55,,
WEDNESDAY,11:30 am,12:15 pm,BODYBALANCE™,S,JESS G,,5/7,4,5/14,8,5/21,8,5/28,8,,
WEDNESDAY,11:30 am,12:15 pm,SILVERSNEAKERS® CIRCUIT,FG,TESS,,5/7,65,5/14,65,5/21,65,5/28,65,,
WEDNESDAY,4:15 pm,5:15 pm,UPBEAT PILATES™,MB,ANNA B,,5/7,14,5/14,8,5/21,8,5/28,17,,
WEDNESDAY,4:30 pm,5:30 pm,BODYCOMBAT™,S,KATHY F,,5/7,8,5/14,8,5/21,4,5/28,5,,
WEDNESDAY,5:30 pm,6:00 pm,GRIT - STRENGTH™,SPC,MIKEY,,5/7,4,5/14,5,5/21,3,5/28,2,,
WEDNESDAY,5:30 pm,6:30 pm,ACTIVE YOGA,MB,KIM S,,5/7,24,5/14,26,5/21,24,5/28,37,,
WEDNESDAY,5:45 pm,6:15 pm,LES MILLS CORE™,S,BRENDA,,5/7,11,5/14,10,5/21,7,5/28,7,,
WEDNESDAY,6:00 pm,7:00 pm,RIDE STRONG,C,KIM K,,5/7,13,5/14,13,5/21,15,5/28,16,,
WEDNESDAY,6:30 pm,7:15 pm,BARRE,S,HEATHER R,,5/7,8,5/14,4,5/21,10,5/28,9,,
WEDNESDAY,6:45 pm,7:45 pm,TAI CHI,MB,KELLY,,5/7,13,5/14,15,5/21,15,5/28,12,,
THURSDAY,5:15 am,6:15 am,BODYPUMP™,S,MELANIE,,5/1,19,5/8,23,5/15,11,5/22,20,5/29,20
THURSDAY,5:30 am,6:00 am,GRIT-CARDIO™,SPC,MIKEY,,5/1,8,5/8,9,5/15,12,5/22,10,5/29,10
THURSDAY,8:30 am,9:00 am,UPBEAT BARRE™,MB,ANNA B,,5/1,20,5/8,26,5/15,35,5/22,30,5/29,32
THURSDAY,8:35 am,9:20 am,AQUA FIT,EP,CHAR,,5/1,20,5/8,26,5/15,24,5/22,29,5/29,30
THURSDAY,9:00 am,9:45 am,CARDIO DANCE,S,LISA B,,5/1,20,5/8,15,5/15,15,5/22,15,5/29,15
THURSDAY,9:30 am,10:15 am,AQUA FIT,EP,SAM R,,5/1,24,5/8,20,5/15,20,5/22,20,5/29,24
THURSDAY,9:30 am,10:15 am,PILATES,MB,LAURIE,,5/1,35,5/8,30,5/15,35,5/22,34,5/29,47
THURSDAY,10:00 am,11:00 am,BODYCOMBAT™,S,DANIELLE,,5/1,25,5/8,20,5/15,25,5/22,20,5/29,25
THURSDAY,10:15 am,11:00 am,SILVER CYCLE,C,SUNNY,,5/1,30,5/8,35,5/15,35,5/22,35,5/29,39
THURSDAY,10:30 am,11:15 am,FEELING FIT,FG,SAM R,,5/1,55,5/8,65,5/15,65,5/22,65,5/29,65
THURSDAY,11:00 am,12:00 pm,GENTLE YOGA,MB,JOAN,,5/1,40,5/8,40,5/15,32,5/22,39,5/29,44
THURSDAY,11:30 am,12:15 pm,SILVERSNEAKERS YOGA,FG,JESS G,,5/1,52,5/8,50,5/15,55,5/22,55,5/29,48
THURSDAY,4:15 pm,5:15 pm,BODYBALANCE™,MB,BRENDA,,5/1,15,5/8,14,5/15,12,5/22,18,5/29,16
THURSDAY,5:30 pm,6:15 pm,WERQ™,S,LAURA,,5/1,32,5/8,24,5/15,24,5/22,30,5/29,25
THURSDAY,5:30 pm,6:15 pm,LES MILLS RPM™,C,ROBERT,,5/1,12,5/8,11,5/15,15,5/22,15,5/29,15
THURSDAY,5:30 pm,6:30 pm,GENTLE YOGA,MB,LAUREN,,5/1,13,5/8,16,5/15,15,5/22,22,5/29,21
THURSDAY,6:30 pm,7:30 pm,BODYPUMP™,S,JENN W,,5/1,24,5/8,22,5/15,20,5/22,21,5/29,28
FRIDAY,5:30 am,6:00 am,GRIT - CARDIO™,SPC,DANIELLE B,,5/2,15,5/9,17,5/16,13,5/23,15,,
FRIDAY,5:45 am,6:45 am,ACTIVE YOGA,MB,JOAN,,5/2,12,5/9,12,5/16,10,5/23,12,,
FRIDAY,6:00 am,7:00 am,GROUP CYCLE,C,JACKIE P,,5/2,8,5/9,16,5/16,15,5/23,11,,
FRIDAY,8:15 am,8:45 am,LES MILLS CORE™,MB,KIM K,,5/2,8,5/9,14,5/16,6,5/23,8,,
FRIDAY,8:15 am,9:00 am,TOTAL BODY STRONG,S,CAROL,,5/2,34,5/9,41,5/16,28,5/23,35,,
FRIDAY,9:00 am,10:00 am,GENTLE YOGA,MB,EVA,,5/2,45,5/9,41,5/16,43,5/23,49,,
FRIDAY,9:15 am,10:00 am,CARDIO DANCE,S,CAROL,,5/2,56,5/9,56,5/16,47,5/23,53,,
FRIDAY,9:15 am,10:00 am,LES MILLS RPM™,C,KIM K,,5/2,30,5/9,28,5/16,25,5/23,25,,
FRIDAY,9:30 am,10:15 am,AQUA CIRCUIT,EP,RON,,5/2,45,5/9,50,5/16,42,5/23,41,,
FRIDAY,10:15 am,11:15 am,BODYPUMP™,S,DANIELLE,,5/2,30,5/9,34,5/16,30,5/23,35,,
FRIDAY,10:15 am,11:15 am,ACTIVE YOGA,MB,EVA,,5/2,19,5/9,35,5/16,19,5/23,19,,
FRIDAY,10:30 am,11:15 am,SILVERSNEAKERS® CLASSIC,FG,TESS,SAM R,5/2,43,5/9,60,5/16,60,5/23,60,,
FRIDAY,11:30 am,12:15 am,SILVERSNEAKERS YOGA,FG,TESS,,5/2,42,5/9,40,5/16,50,5/23,50,,
FRIDAY,11:30 am,12:15 pm,ZUMBA GOLD,S,MARIBEL,,5/2,25,5/9,25,5/16,23,5/23,24,,
FRIDAY,4:15 pm,5:15 pm,UPBEAT BARRE™,S,OLGA,,5/2,3,5/9,10,5/16,10,5/23,10,,
FRIDAY,4:30 pm,5:30 pm,POWER YOGA,MB,EVA,,5/2,21,5/9,23,5/16,7,5/23,15,,
FRIDAY,6:00 pm,7:00 pm,CARDIO DANCE,MB,BRIT C,,5/2,11,5/9,10,5/16,5,5/23,7,,
